land_id,survey_number,current_owner,owner_phone,state,district,address,latitude,longitude
L001,SN001,Suresh,9747393352,TamilNadu,Chennai,"49 Main Road, Chennai Rural, Tamil Nadu",12.99697,80.29616
L002,SN002,Kumar,9700849159,TamilNadu,Salem,"67 Main Road, Salem Rural, Tamil Nadu",11.63861,78.05025
L003,SN003,Ramesh,9809944249,TamilNadu,Madurai,"42 Main Road, Madurai Rural, Tamil Nadu",9.92516,78.06354
L004,SN004,Arun,9701163619,TamilNadu,Trichy,"91 Main Road, Trichy Rural, Tamil Nadu",10.79434,78.71491
L005,SN005,Suresh,9847170133,TamilNadu,Coimbatore,"3 Main Road, Coimbatore Rural, Tamil Nadu",11.07678,76.95645
L006,SN006,Meena,9902439205,TamilNadu,Madurai,"60 Main Road, Madurai Rural, Tamil Nadu",9.83435,78.10967
L007,SN007,Monisha,9444043820,TamilNadu,Coimbatore,"28 Main Road, Coimbatore Rural, Tamil Nadu",10.95806,76.93779
L008,SN008,Meena,9995143934,TamilNadu,Salem,"51 Main Road, Salem Rural, Tamil Nadu",11.69422,78.09204
L009,SN009,Ramesh,9718424674,TamilNadu,Madurai,"100 Main Road, Madurai Rural, Tamil Nadu",9.90814,78.09486
L010,SN010,Ramesh,9865557381,TamilNadu,Chennai,"58 Main Road, Chennai Rural, Tamil Nadu",12.99285,80.17188
L011,SN011,Suresh,9761939290,TamilNadu,Madurai,"66 Main Road, Madurai Rural, Tamil Nadu",9.85197,78.10791
L012,SN012,Arun,9901615111,TamilNadu,Chennai,"92 Main Road, Chennai Rural, Tamil Nadu",13.11764,80.22468
L013,SN013,Ramesh,9932129464,TamilNadu,Madurai,"28 Main Road, Madurai Rural, Tamil Nadu",9.95676,78.18575
L014,SN014,Arun,9832378884,TamilNadu,Coimbatore,"80 Main Road, Coimbatore Rural, Tamil Nadu",10.94368,77.00803
L015,SN015,Arun,9732075495,TamilNadu,Madurai,"94 Main Road, Madurai Rural, Tamil Nadu",9.82591,78.046
L016,SN016,Kumar,9984790860,TamilNadu,Salem,"32 Main Road, Salem Rural, Tamil Nadu",11.6854,78.1449
L017,SN017,Ramesh,9988345019,TamilNadu,Trichy,"25 Main Road, Trichy Rural, Tamil Nadu",10.73898,78.72454
L018,SN018,Kumar,9949880159,TamilNadu,Trichy,"24 Main Road, Trichy Rural, Tamil Nadu",10.83866,78.74514
L019,SN019,Lakshmi,9709354719,TamilNadu,Salem,"17 Main Road, Salem Rural, Tamil Nadu",11.74549,78.12507
L020,SN020,David,9444043180,TamilNadu,Trichy,"80 Main Road, Trichy Rural, Tamil Nadu",10.69591,78.61184
L021,SN021,Priya,9846350116,TamilNadu,Coimbatore,"95 Main Road, Coimbatore Rural, Tamil Nadu",10.9808,77.03817
L022,SN022,Arun,9946627199,TamilNadu,Madurai,"80 Main Road, Madurai Rural, Tamil Nadu",9.95279,78.04856
L023,SN023,Priya,9846547419,TamilNadu,Trichy,"43 Main Road, Trichy Rural, Tamil Nadu",10.79363,78.80073
L024,SN024,Priya,9950129226,TamilNadu,Madurai,"36 Main Road, Madurai Rural, Tamil Nadu",9.87376,78.02911
L025,SN025,Lakshmi,9729906278,TamilNadu,Trichy,"1 Main Road, Trichy Rural, Tamil Nadu",10.8659,78.69076
L026,SN026,Ramesh,9982297133,TamilNadu,Trichy,"49 Main Road, Trichy Rural, Tamil Nadu",10.73332,78.75725
L027,SN027,Suresh,9937669137,TamilNadu,Madurai,"34 Main Road, Madurai Rural, Tamil Nadu",10.00525,78.03619
L028,SN028,Lakshmi,9740660503,TamilNadu,Chennai,"68 Main Road, Chennai Rural, Tamil Nadu",13.12101,80.29855
L029,SN029,Arun,9836003417,TamilNadu,Salem,"18 Main Road, Salem Rural, Tamil Nadu",11.58564,78.21236
L030,SN030,Priya,9909367825,TamilNadu,Chennai,"2 Main Road, Chennai Rural, Tamil Nadu",12.98484,80.21252
L031,SN031,Lakshmi,9764610267,TamilNadu,Salem,"36 Main Road, Salem Rural, Tamil Nadu",11.63398,78.23553
L032,SN032,Kumar,9768139100,TamilNadu,Salem,"79 Main Road, Salem Rural, Tamil Nadu",11.68497,78.20337
L033,SN033,Kumar,9773698445,TamilNadu,Salem,"94 Main Road, Salem Rural, Tamil Nadu",11.68251,78.16533
L034,SN034,Kumar,9782923929,TamilNadu,Chennai,"66 Main Road, Chennai Rural, Tamil Nadu",13.06519,80.24833
L035,SN035,Ramesh,9888116643,TamilNadu,Coimbatore,"78 Main Road, Coimbatore Rural, Tamil Nadu",11.07019,76.91857
L036,SN036,Kumar,9732735826,TamilNadu,Trichy,"73 Main Road, Trichy Rural, Tamil Nadu",10.88641,78.78762
L037,SN037,Ramesh,9769053899,TamilNadu,Madurai,"52 Main Road, Madurai Rural, Tamil Nadu",9.85198,78.1553
L038,SN038,Meena,9958499895,TamilNadu,Madurai,"82 Main Road, Madurai Rural, Tamil Nadu",10.00952,78.1196
L039,SN039,Suresh,9841157489,TamilNadu,Madurai,"99 Main Road, Madurai Rural, Tamil Nadu",9.89228,78.0574
L040,SN040,Kumar,9903479542,TamilNadu,Coimbatore,"24 Main Road, Coimbatore Rural, Tamil Nadu",10.99702,76.961
L041,SN041,Suresh,9905666926,TamilNadu,Salem,"14 Main Road, Salem Rural, Tamil Nadu",11.58778,78.22327
L042,SN042,Meena,9754848437,TamilNadu,Coimbatore,"74 Main Road, Coimbatore Rural, Tamil Nadu",11.05055,77.0499
L043,SN043,Meena,9859041129,TamilNadu,Trichy,"48 Main Road, Trichy Rural, Tamil Nadu",10.70622,78.79767
L044,SN044,Arun,9871172496,TamilNadu,Coimbatore,"3 Main Road, Coimbatore Rural, Tamil Nadu",11.05718,77.00829
L045,SN045,Priya,9767779871,TamilNadu,Chennai,"82 Main Road, Chennai Rural, Tamil Nadu",13.09936,80.29198
L046,SN046,Meena,9939718626,TamilNadu,Chennai,"14 Main Road, Chennai Rural, Tamil Nadu",13.10626,80.17491
L047,SN047,Meena,9861440925,TamilNadu,Trichy,"67 Main Road, Trichy Rural, Tamil Nadu",10.85947,78.62497
L048,SN048,Ramesh,9998138013,TamilNadu,Chennai,"73 Main Road, Chennai Rural, Tamil Nadu",13.15215,80.19317
L049,SN049,Priya,9965549917,TamilNadu,Chennai,"27 Main Road, Chennai Rural, Tamil Nadu",12.99542,80.17845
L050,SN050,Meena,9728152611,TamilNadu,Salem,"95 Main Road, Salem Rural, Tamil Nadu",11.59798,78.17589
L051,SN051,Meena,9806742356,TamilNadu,Trichy,"43 Main Road, Trichy Rural, Tamil Nadu",10.8118,78.63179
L052,SN052,Priya,9811559656,TamilNadu,Madurai,"55 Main Road, Madurai Rural, Tamil Nadu",9.96632,78.21417
L053,SN053,Arun,9821193925,TamilNadu,Salem,"78 Main Road, Salem Rural, Tamil Nadu",11.58155,78.20592
L054,SN054,Arun,9894721407,TamilNadu,Trichy,"42 Main Road, Trichy Rural, Tamil Nadu",10.79025,78.76366
L055,SN055,Ramesh,9752499220,TamilNadu,Salem,"62 Main Road, Salem Rural, Tamil Nadu",11.72205,78.08319
L056,SN056,Meena,9740683389,TamilNadu,Madurai,"69 Main Road, Madurai Rural, Tamil Nadu",9.91975,78.19079
L057,SN057,Suresh,9950297470,TamilNadu,Trichy,"17 Main Road, Trichy Rural, Tamil Nadu",10.85707,78.79608
L058,SN058,Kumar,9893787290,TamilNadu,Salem,"17 Main Road, Salem Rural, Tamil Nadu",11.70637,78.08903
L059,SN059,Lakshmi,9837287676,TamilNadu,Trichy,"61 Main Road, Trichy Rural, Tamil Nadu",10.85229,78.76837
L060,SN060,Arun,9858288347,TamilNadu,Chennai,"43 Main Road, Chennai Rural, Tamil Nadu",13.15452,80.26017
L061,SN061,Suresh,9815104678,TamilNadu,Trichy,"49 Main Road, Trichy Rural, Tamil Nadu",10.78011,78.73827
L062,SN062,Kumar,9925031115,TamilNadu,Salem,"77 Main Road, Salem Rural, Tamil Nadu",11.70706,78.21855
L063,SN063,Kumar,9742942206,TamilNadu,Trichy,"99 Main Road, Trichy Rural, Tamil Nadu",10.8013,78.73327
L064,SN064,Ramesh,9817441848,TamilNadu,Coimbatore,"71 Main Road, Coimbatore Rural, Tamil Nadu",11.04874,76.97202
L065,SN065,Priya,9928096498,TamilNadu,Coimbatore,"59 Main Road, Coimbatore Rural, Tamil Nadu",11.02368,77.01085
L066,SN066,Suresh,9988983922,TamilNadu,Salem,"22 Main Road, Salem Rural, Tamil Nadu",11.60958,78.06437
L067,SN067,Arun,9748717437,TamilNadu,Trichy,"89 Main Road, Trichy Rural, Tamil Nadu",10.87668,78.66038
L068,SN068,Ramesh,9761488936,TamilNadu,Trichy,"60 Main Road, Trichy Rural, Tamil Nadu",10.8184,78.78457
L069,SN069,Priya,9887967178,TamilNadu,Trichy,"13 Main Road, Trichy Rural, Tamil Nadu",10.71903,78.62648
L070,SN070,Ramesh,9905098354,TamilNadu,Salem,"84 Main Road, Salem Rural, Tamil Nadu",11.57161,78.11202
L071,SN071,Priya,9827462893,TamilNadu,Madurai,"48 Main Road, Madurai Rural, Tamil Nadu",9.92811,78.1683
L072,SN072,Priya,9947873088,TamilNadu,Chennai,"27 Main Road, Chennai Rural, Tamil Nadu",13.12247,80.26426
L073,SN073,Arun,9739672148,TamilNadu,Coimbatore,"59 Main Road, Coimbatore Rural, Tamil Nadu",11.10263,76.95077
L074,SN074,Suresh,9934045903,TamilNadu,Coimbatore,"32 Main Road, Coimbatore Rural, Tamil Nadu",11.01617,76.89476
L075,SN075,Arun,9805402633,TamilNadu,Chennai,"91 Main Road, Chennai Rural, Tamil Nadu",13.00953,80.35915
L076,SN076,Suresh,9862074717,TamilNadu,Trichy,"6 Main Road, Trichy Rural, Tamil Nadu",10.75568,78.6905
L077,SN077,Suresh,9758713231,TamilNadu,Trichy,"60 Main Road, Trichy Rural, Tamil Nadu",10.78231,78.63047
L078,SN078,Suresh,9925801072,TamilNadu,Coimbatore,"97 Main Road, Coimbatore Rural, Tamil Nadu",11.03798,77.05569
L079,SN079,Priya,9920497053,TamilNadu,Coimbatore,"30 Main Road, Coimbatore Rural, Tamil Nadu",10.99751,77.02867
L080,SN080,Arun,9894731970,TamilNadu,Salem,"6 Main Road, Salem Rural, Tamil Nadu",11.70306,78.08117
L081,SN081,Kumar,9704459441,TamilNadu,Salem,"94 Main Road, Salem Rural, Tamil Nadu",11.70155,78.12918
L082,SN082,Arun,9830052380,TamilNadu,Chennai,"18 Main Road, Chennai Rural, Tamil Nadu",13.1276,80.26591
L083,SN083,Kumar,9840433365,TamilNadu,Trichy,"22 Main Road, Trichy Rural, Tamil Nadu",10.88124,78.74689
L084,SN084,Arun,9777703945,TamilNadu,Coimbatore,"7 Main Road, Coimbatore Rural, Tamil Nadu",11.0286,76.99178
L085,SN085,Meena,9926271944,TamilNadu,Madurai,"91 Main Road, Madurai Rural, Tamil Nadu",9.90113,78.03181
L086,SN086,Meena,9803424330,TamilNadu,Coimbatore,"98 Main Road, Coimbatore Rural, Tamil Nadu",11.07931,77.00241
L087,SN087,Meena,9894815651,TamilNadu,Chennai,"44 Main Road, Chennai Rural, Tamil Nadu",13.12465,80.19025
L088,SN088,Priya,9785759628,TamilNadu,Trichy,"54 Main Road, Trichy Rural, Tamil Nadu",10.69201,78.7256
L089,SN089,Suresh,9769455869,TamilNadu,Trichy,"53 Main Road, Trichy Rural, Tamil Nadu",10.8692,78.74621
L090,SN090,Lakshmi,9897958014,TamilNadu,Trichy,"92 Main Road, Trichy Rural, Tamil Nadu",10.86808,78.68512
L091,SN091,Meena,9966933705,TamilNadu,Trichy,"47 Main Road, Trichy Rural, Tamil Nadu",10.77342,78.72069
L092,SN092,Lakshmi,9754276753,TamilNadu,Chennai,"13 Main Road, Chennai Rural, Tamil Nadu",13.08918,80.28325
L093,SN093,Lakshmi,9880407303,TamilNadu,Salem,"6 Main Road, Salem Rural, Tamil Nadu",11.65701,78.14953
L094,SN094,Ramesh,9929259206,TamilNadu,Coimbatore,"66 Main Road, Coimbatore Rural, Tamil Nadu",11.05837,77.02639
L095,SN095,Ramesh,9868657977,TamilNadu,Chennai,"55 Main Road, Chennai Rural, Tamil Nadu",13.00472,80.34329
L096,SN096,Ramesh,9836048035,TamilNadu,Coimbatore,"75 Main Road, Coimbatore Rural, Tamil Nadu",10.95204,77.00542
L097,SN097,Kumar,9752555561,TamilNadu,Salem,"70 Main Road, Salem Rural, Tamil Nadu",11.74122,78.07344
L098,SN098,Meena,9924786156,TamilNadu,Trichy,"42 Main Road, Trichy Rural, Tamil Nadu",10.81391,78.6156
L099,SN099,Kumar,9775884545,TamilNadu,Chennai,"39 Main Road, Chennai Rural, Tamil Nadu",13.12878,80.25751
L100,SN100,Priya,9857046314,TamilNadu,Madurai,"98 Main Road, Madurai Rural, Tamil Nadu",9.92942,78.11077
L101,SN101,Arun,9848053272,TamilNadu,Madurai,"44 Main Road, Madurai Rural, Tamil Nadu",9.85949,78.1641
L102,SN102,Priya,9846066019,TamilNadu,Chennai,"21 Main Road, Chennai Rural, Tamil Nadu",13.05737,80.30388
L103,SN103,Suresh,9815443583,TamilNadu,Coimbatore,"97 Main Road, Coimbatore Rural, Tamil Nadu",11.00768,77.05004
L104,SN104,Meena,9853792549,TamilNadu,Trichy,"64 Main Road, Trichy Rural, Tamil Nadu",10.88789,78.70309
L105,SN105,Kumar,9978245163,TamilNadu,Trichy,"17 Main Road, Trichy Rural, Tamil Nadu",10.76369,78.66514
L106,SN106,Suresh,9948420035,TamilNadu,Madurai,"16 Main Road, Madurai Rural, Tamil Nadu",9.96312,78.20938
L107,SN107,Meena,9885598156,TamilNadu,Coimbatore,"34 Main Road, Coimbatore Rural, Tamil Nadu",10.9923,76.87953
L108,SN108,Meena,9947206829,TamilNadu,Salem,"32 Main Road, Salem Rural, Tamil Nadu",11.73353,78.18133
L109,SN109,Kumar,9916786345,TamilNadu,Chennai,"65 Main Road, Chennai Rural, Tamil Nadu",13.11841,80.31138
L110,SN110,Kumar,9761755869,TamilNadu,Coimbatore,"92 Main Road, Coimbatore Rural, Tamil Nadu",11.08007,76.87839
L111,SN111,Arun,9745588822,TamilNadu,Chennai,"85 Main Road, Chennai Rural, Tamil Nadu",13.10181,80.36226
L112,SN112,Lakshmi,9983872311,TamilNadu,Salem,"27 Main Road, Salem Rural, Tamil Nadu",11.69631,78.14743
L113,SN113,Arun,9969824728,TamilNadu,Coimbatore,"89 Main Road, Coimbatore Rural, Tamil Nadu",11.10377,77.03515
L114,SN114,Meena,9938182706,TamilNadu,Coimbatore,"64 Main Road, Coimbatore Rural, Tamil Nadu",10.93784,76.88346
L115,SN115,Ramesh,9887799893,TamilNadu,Trichy,"74 Main Road, Trichy Rural, Tamil Nadu",10.86157,78.77344
L116,SN116,Priya,9835770995,TamilNadu,Trichy,"25 Main Road, Trichy Rural, Tamil Nadu",10.85286,78.64917
L117,SN117,Ramesh,9899699161,TamilNadu,Madurai,"77 Main Road, Madurai Rural, Tamil Nadu",10.02251,78.09421
L118,SN118,Suresh,9757856553,TamilNadu,Trichy,"75 Main Road, Trichy Rural, Tamil Nadu",10.77702,78.66358
L119,SN119,Ramesh,9951893155,TamilNadu,Madurai,"3 Main Road, Madurai Rural, Tamil Nadu",9.97288,78.07616
L120,SN120,Arun,9944947287,TamilNadu,Trichy,"69 Main Road, Trichy Rural, Tamil Nadu",10.72267,78.67029
L121,SN121,Suresh,9730492861,TamilNadu,Madurai,"82 Main Road, Madurai Rural, Tamil Nadu",9.90255,78.0475
L122,SN122,Ramesh,9838716654,TamilNadu,Chennai,"36 Main Road, Chennai Rural, Tamil Nadu",13.02209,80.23767
L123,SN123,Meena,9977759655,TamilNadu,Trichy,"7 Main Road, Trichy Rural, Tamil Nadu",10.7908,78.6144
L124,SN124,Ramesh,9857518879,TamilNadu,Trichy,"63 Main Road, Trichy Rural, Tamil Nadu",10.83378,78.73062
L125,SN125,Priya,9745134291,TamilNadu,Madurai,"70 Main Road, Madurai Rural, Tamil Nadu",9.99009,78.14974
L126,SN126,Lakshmi,9823410036,TamilNadu,Coimbatore,"5 Main Road, Coimbatore Rural, Tamil Nadu",11.04526,77.01216
L127,SN127,Ramesh,9719499629,TamilNadu,Coimbatore,"64 Main Road, Coimbatore Rural, Tamil Nadu",11.02439,77.00848
L128,SN128,Lakshmi,9853213162,TamilNadu,Coimbatore,"56 Main Road, Coimbatore Rural, Tamil Nadu",11.00528,76.99687
L129,SN129,Suresh,9709887597,TamilNadu,Trichy,"55 Main Road, Trichy Rural, Tamil Nadu",10.8444,78.75368
L130,SN130,Priya,9874533815,TamilNadu,Salem,"20 Main Road, Salem Rural, Tamil Nadu",11.76165,78.23617
L131,SN131,Suresh,9938811956,TamilNadu,Chennai,"13 Main Road, Chennai Rural, Tamil Nadu",13.09521,80.19972
L132,SN132,Arun,9915841790,TamilNadu,Madurai,"20 Main Road, Madurai Rural, Tamil Nadu",9.95963,78.04357
L133,SN133,Arun,9883907039,TamilNadu,Coimbatore,"67 Main Road, Coimbatore Rural, Tamil Nadu",11.09174,76.87175
L134,SN134,Kumar,9939426664,TamilNadu,Coimbatore,"45 Main Road, Coimbatore Rural, Tamil Nadu",11.08411,77.02805
L135,SN135,Lakshmi,9844689722,TamilNadu,Madurai,"83 Main Road, Madurai Rural, Tamil Nadu",9.93865,78.21852
L136,SN136,Priya,9806636743,TamilNadu,Trichy,"80 Main Road, Trichy Rural, Tamil Nadu",10.80091,78.6799
L137,SN137,Priya,9909987686,TamilNadu,Chennai,"80 Main Road, Chennai Rural, Tamil Nadu",13.01717,80.28855
L138,SN138,Lakshmi,9911370478,TamilNadu,Madurai,"86 Main Road, Madurai Rural, Tamil Nadu",9.93638,78.06177
L139,SN139,Ramesh,9990557017,TamilNadu,Trichy,"1 Main Road, Trichy Rural, Tamil Nadu",10.79258,78.69363
L140,SN140,Meena,9823228522,TamilNadu,Chennai,"8 Main Road, Chennai Rural, Tamil Nadu",13.00991,80.29988
L141,SN141,Ramesh,9758282387,TamilNadu,Trichy,"54 Main Road, Trichy Rural, Tamil Nadu",10.84175,78.65323
L142,SN142,Kumar,9844941322,TamilNadu,Coimbatore,"12 Main Road, Coimbatore Rural, Tamil Nadu",10.9879,76.86104
L143,SN143,Ramesh,9760316735,TamilNadu,Salem,"69 Main Road, Salem Rural, Tamil Nadu",11.71468,78.15215
L144,SN144,Ramesh,9880092501,TamilNadu,Chennai,"22 Main Road, Chennai Rural, Tamil Nadu",13.0732,80.24404
L145,SN145,Kumar,9933639553,TamilNadu,Chennai,"6 Main Road, Chennai Rural, Tamil Nadu",13.07312,80.32018
L146,SN146,Meena,9705282241,TamilNadu,Chennai,"98 Main Road, Chennai Rural, Tamil Nadu",13.03241,80.21382
L147,SN147,Suresh,9748555122,TamilNadu,Coimbatore,"61 Main Road, Coimbatore Rural, Tamil Nadu",11.07773,76.88306
L148,SN148,Arun,9802663621,TamilNadu,Salem,"25 Main Road, Salem Rural, Tamil Nadu",11.76423,78.17285
L149,SN149,Arun,9869865658,TamilNadu,Salem,"47 Main Road, Salem Rural, Tamil Nadu",11.67117,78.15128
L150,SN150,Arun,9794321062,TamilNadu,Trichy,"82 Main Road, Trichy Rural, Tamil Nadu",10.7254,78.73404
L151,SN151,Lakshmi,9806408279,TamilNadu,Madurai,"37 Main Road, Madurai Rural, Tamil Nadu",9.8543,78.0712
L152,SN152,Ramesh,9960284567,TamilNadu,Madurai,"67 Main Road, Madurai Rural, Tamil Nadu",9.91195,78.05108
L153,SN153,Arun,9823070326,TamilNadu,Salem,"9 Main Road, Salem Rural, Tamil Nadu",11.69726,78.08684
L154,SN154,Lakshmi,9998610129,TamilNadu,Trichy,"51 Main Road, Trichy Rural, Tamil Nadu",10.88723,78.60684
L155,SN155,Lakshmi,9965273766,TamilNadu,Trichy,"4 Main Road, Trichy Rural, Tamil Nadu",10.81745,78.67066
L156,SN156,Kumar,9723807577,TamilNadu,Chennai,"41 Main Road, Chennai Rural, Tamil Nadu",13.0733,80.23043
L157,SN157,Ramesh,9939351068,TamilNadu,Chennai,"1 Main Road, Chennai Rural, Tamil Nadu",13.0986,80.25805
L158,SN158,Suresh,9919123481,TamilNadu,Madurai,"59 Main Road, Madurai Rural, Tamil Nadu",9.98721,78.04565
L159,SN159,Meena,9770859893,TamilNadu,Trichy,"94 Main Road, Trichy Rural, Tamil Nadu",10.84771,78.65087
L160,SN160,Arun,9771628546,TamilNadu,Salem,"51 Main Road, Salem Rural, Tamil Nadu",11.73632,78.11476
L161,SN161,Ramesh,9797665847,TamilNadu,Chennai,"78 Main Road, Chennai Rural, Tamil Nadu",13.11757,80.26075
L162,SN162,Lakshmi,9821387988,TamilNadu,Madurai,"33 Main Road, Madurai Rural, Tamil Nadu",9.97305,78.2175
L163,SN163,Ramesh,9743401474,TamilNadu,Madurai,"25 Main Road, Madurai Rural, Tamil Nadu",9.97587,78.18758
L164,SN164,Priya,9977186989,TamilNadu,Coimbatore,"89 Main Road, Coimbatore Rural, Tamil Nadu",10.98013,76.8562
L165,SN165,Lakshmi,9702399550,TamilNadu,Madurai,"40 Main Road, Madurai Rural, Tamil Nadu",9.97878,78.1976
L166,SN166,Ramesh,9955181079,TamilNadu,Chennai,"14 Main Road, Chennai Rural, Tamil Nadu",13.01532,80.20734
L167,SN167,Meena,9792772543,TamilNadu,Salem,"57 Main Road, Salem Rural, Tamil Nadu",11.72659,78.21411
L168,SN168,Kumar,9948024787,TamilNadu,Chennai,"80 Main Road, Chennai Rural, Tamil Nadu",13.07195,80.20183
L169,SN169,Lakshmi,9774716590,TamilNadu,Chennai,"16 Main Road, Chennai Rural, Tamil Nadu",13.07639,80.34127
L170,SN170,Arun,9780525529,TamilNadu,Madurai,"2 Main Road, Madurai Rural, Tamil Nadu",9.87501,78.18774
L171,SN171,Meena,9878152176,TamilNadu,Coimbatore,"23 Main Road, Coimbatore Rural, Tamil Nadu",11.10316,76.97845
L172,SN172,Meena,9776517245,TamilNadu,Chennai,"28 Main Road, Chennai Rural, Tamil Nadu",13.12082,80.35287
L173,SN173,Priya,9783676017,TamilNadu,Trichy,"16 Main Road, Trichy Rural, Tamil Nadu",10.82565,78.72988
L174,SN174,Priya,9843188526,TamilNadu,Madurai,"12 Main Road, Madurai Rural, Tamil Nadu",10.01374,78.13025
L175,SN175,Priya,9834117229,TamilNadu,Salem,"74 Main Road, Salem Rural, Tamil Nadu",11.64962,78.2083
L176,SN176,Suresh,9746614468,TamilNadu,Salem,"49 Main Road, Salem Rural, Tamil Nadu",11.66182,78.06241
L177,SN177,Priya,9769469526,TamilNadu,Chennai,"97 Main Road, Chennai Rural, Tamil Nadu",13.08253,80.30853
L178,SN178,Lakshmi,9717934150,TamilNadu,Salem,"60 Main Road, Salem Rural, Tamil Nadu",11.70423,78.13996
L179,SN179,Ramesh,9858792968,TamilNadu,Coimbatore,"51 Main Road, Coimbatore Rural, Tamil Nadu",11.0306,76.8888
L180,SN180,Meena,9897067263,TamilNadu,Trichy,"3 Main Road, Trichy Rural, Tamil Nadu",10.71801,78.67422
L181,SN181,Lakshmi,9906510631,TamilNadu,Trichy,"59 Main Road, Trichy Rural, Tamil Nadu",10.72588,78.79421
L182,SN182,Ramesh,9770223651,TamilNadu,Madurai,"49 Main Road, Madurai Rural, Tamil Nadu",10.00906,78.09576
L183,SN183,Ramesh,9813354072,TamilNadu,Salem,"44 Main Road, Salem Rural, Tamil Nadu",11.6521,78.1792
L184,SN184,Meena,9888101372,TamilNadu,Salem,"5 Main Road, Salem Rural, Tamil Nadu",11.57895,78.19316
L185,SN185,Meena,9886428877,TamilNadu,Madurai,"64 Main Road, Madurai Rural, Tamil Nadu",9.82834,78.04287
L186,SN186,Priya,9728538272,TamilNadu,Madurai,"37 Main Road, Madurai Rural, Tamil Nadu",9.94879,78.1225
L187,SN187,Ramesh,9924268909,TamilNadu,Chennai,"59 Main Road, Chennai Rural, Tamil Nadu",13.15416,80.18107
L188,SN188,Lakshmi,9949356940,TamilNadu,Madurai,"85 Main Road, Madurai Rural, Tamil Nadu",9.98026,78.14775
L189,SN189,Meena,9919368169,TamilNadu,Trichy,"29 Main Road, Trichy Rural, Tamil Nadu",10.88753,78.6435
L190,SN190,Arun,9764858567,TamilNadu,Salem,"58 Main Road, Salem Rural, Tamil Nadu",11.73604,78.09132
L191,SN191,Suresh,9801612833,TamilNadu,Chennai,"55 Main Road, Chennai Rural, Tamil Nadu",13.05754,80.22397
L192,SN192,Suresh,9812715777,TamilNadu,Chennai,"43 Main Road, Chennai Rural, Tamil Nadu",13.04568,80.19752
L193,SN193,Lakshmi,9876681643,TamilNadu,Trichy,"83 Main Road, Trichy Rural, Tamil Nadu",10.80775,78.78313
L194,SN194,Meena,9827443340,TamilNadu,Salem,"45 Main Road, Salem Rural, Tamil Nadu",11.61139,78.24473
L195,SN195,Priya,9794287844,TamilNadu,Salem,"91 Main Road, Salem Rural, Tamil Nadu",11.66877,78.24387
L196,SN196,Suresh,9923186116,TamilNadu,Chennai,"54 Main Road, Chennai Rural, Tamil Nadu",13.04502,80.28828
L197,SN197,Arun,9750991512,TamilNadu,Salem,"58 Main Road, Salem Rural, Tamil Nadu",11.58848,78.13804
L198,SN198,Priya,9884897075,TamilNadu,Salem,"62 Main Road, Salem Rural, Tamil Nadu",11.75057,78.1365
L199,SN199,Lakshmi,9925454786,TamilNadu,Chennai,"24 Main Road, Chennai Rural, Tamil Nadu",13.02566,80.34027
L200,SN200,Meena,9771546634,TamilNadu,Salem,"5 Main Road, Salem Rural, Tamil Nadu",11.65571,78.23076
L201,SN201,Arun,9740928611,TamilNadu,Salem,"55 Main Road, Salem Rural, Tamil Nadu",11.62347,78.07045
L202,SN202,Ramesh,9802518680,TamilNadu,Chennai,"94 Main Road, Chennai Rural, Tamil Nadu",13.13075,80.22271
L203,SN203,Suresh,9809700986,TamilNadu,Chennai,"28 Main Road, Chennai Rural, Tamil Nadu",13.01393,80.18941
L204,SN204,Meena,9839570618,TamilNadu,Trichy,"18 Main Road, Trichy Rural, Tamil Nadu",10.71923,78.79635
L205,SN205,Arun,9711695296,TamilNadu,Chennai,"51 Main Road, Chennai Rural, Tamil Nadu",13.09898,80.31108
L206,SN206,Priya,9939751662,TamilNadu,Coimbatore,"98 Main Road, Coimbatore Rural, Tamil Nadu",11.027,76.85667
L207,SN207,Lakshmi,9852012533,TamilNadu,Madurai,"35 Main Road, Madurai Rural, Tamil Nadu",9.92483,78.18373
L208,SN208,Lakshmi,9964133979,TamilNadu,Trichy,"51 Main Road, Trichy Rural, Tamil Nadu",10.76159,78.77103
L209,SN209,Priya,9762013201,TamilNadu,Salem,"38 Main Road, Salem Rural, Tamil Nadu",11.59122,78.22238
L210,SN210,Priya,9881600447,TamilNadu,Trichy,"96 Main Road, Trichy Rural, Tamil Nadu",10.87583,78.68867
L211,SN211,Kumar,9776435255,TamilNadu,Chennai,"89 Main Road, Chennai Rural, Tamil Nadu",13.02716,80.31627
L212,SN212,Ramesh,9729617834,TamilNadu,Trichy,"93 Main Road, Trichy Rural, Tamil Nadu",10.883,78.70936
L213,SN213,Suresh,9798245474,TamilNadu,Salem,"92 Main Road, Salem Rural, Tamil Nadu",11.66863,78.07519
L214,SN214,Kumar,9983717790,TamilNadu,Trichy,"18 Main Road, Trichy Rural, Tamil Nadu",10.73915,78.78722
L215,SN215,Meena,9736703664,TamilNadu,Trichy,"84 Main Road, Trichy Rural, Tamil Nadu",10.70065,78.61132
L216,SN216,Suresh,9900449951,TamilNadu,Trichy,"50 Main Road, Trichy Rural, Tamil Nadu",10.81967,78.68182
L217,SN217,Lakshmi,9863851583,TamilNadu,Trichy,"78 Main Road, Trichy Rural, Tamil Nadu",10.72724,78.72383
L218,SN218,Priya,9802922499,TamilNadu,Trichy,"80 Main Road, Trichy Rural, Tamil Nadu",10.76817,78.764
L219,SN219,Arun,9959174828,TamilNadu,Salem,"2 Main Road, Salem Rural, Tamil Nadu",11.61325,78.07298
L220,SN220,Ramesh,9788934461,TamilNadu,Trichy,"66 Main Road, Trichy Rural, Tamil Nadu",10.79642,78.71876
L221,SN221,Arun,9771772096,TamilNadu,Coimbatore,"15 Main Road, Coimbatore Rural, Tamil Nadu",10.99815,77.00606
L222,SN222,Meena,9980555058,TamilNadu,Trichy,"22 Main Road, Trichy Rural, Tamil Nadu",10.776,78.69988
L223,SN223,Kumar,9873064329,TamilNadu,Salem,"30 Main Road, Salem Rural, Tamil Nadu",11.61222,78.11255
L224,SN224,Lakshmi,9777085874,TamilNadu,Chennai,"91 Main Road, Chennai Rural, Tamil Nadu",12.99171,80.26968
L225,SN225,Suresh,9955912476,TamilNadu,Madurai,"73 Main Road, Madurai Rural, Tamil Nadu",9.94665,78.06769
L226,SN226,Suresh,9952848360,TamilNadu,Madurai,"9 Main Road, Madurai Rural, Tamil Nadu",9.99772,78.06322
L227,SN227,Kumar,9842664194,TamilNadu,Trichy,"43 Main Road, Trichy Rural, Tamil Nadu",10.8499,78.65098
L228,SN228,Arun,9925267519,TamilNadu,Coimbatore,"30 Main Road, Coimbatore Rural, Tamil Nadu",10.95279,76.92794
L229,SN229,Priya,9810668641,TamilNadu,Salem,"70 Main Road, Salem Rural, Tamil Nadu",11.5707,78.18918
L230,SN230,Meena,9879947297,TamilNadu,Chennai,"73 Main Road, Chennai Rural, Tamil Nadu",13.17071,80.33419
L231,SN231,Kumar,9837254894,TamilNadu,Trichy,"83 Main Road, Trichy Rural, Tamil Nadu",10.79766,78.75106
L232,SN232,Kumar,9718511520,TamilNadu,Chennai,"92 Main Road, Chennai Rural, Tamil Nadu",13.06664,80.24566
L233,SN233,Suresh,9721535035,TamilNadu,Trichy,"78 Main Road, Trichy Rural, Tamil Nadu",10.76032,78.68054
L234,SN234,Ramesh,9890114813,TamilNadu,Madurai,"98 Main Road, Madurai Rural, Tamil Nadu",9.96227,78.12953
L235,SN235,Suresh,9983718136,TamilNadu,Salem,"26 Main Road, Salem Rural, Tamil Nadu",11.68341,78.18649
L236,SN236,Priya,9999606212,TamilNadu,Madurai,"69 Main Road, Madurai Rural, Tamil Nadu",9.96661,78.07652
L237,SN237,Arun,9901447025,TamilNadu,Coimbatore,"46 Main Road, Coimbatore Rural, Tamil Nadu",11.06938,76.99483
L238,SN238,Lakshmi,9746550918,TamilNadu,Trichy,"72 Main Road, Trichy Rural, Tamil Nadu",10.74933,78.61232
L239,SN239,Priya,9939211408,TamilNadu,Chennai,"91 Main Road, Chennai Rural, Tamil Nadu",13.08559,80.18326
L240,SN240,Ramesh,9841378264,TamilNadu,Trichy,"97 Main Road, Trichy Rural, Tamil Nadu",10.77463,78.77179
L241,SN241,Kumar,9828643878,TamilNadu,Trichy,"42 Main Road, Trichy Rural, Tamil Nadu",10.70469,78.71257
L242,SN242,Arun,9808187359,TamilNadu,Madurai,"86 Main Road, Madurai Rural, Tamil Nadu",9.82955,78.17606
L243,SN243,Ramesh,9975881215,TamilNadu,Salem,"55 Main Road, Salem Rural, Tamil Nadu",11.70228,78.11926
L244,SN244,Lakshmi,9755908093,TamilNadu,Madurai,"20 Main Road, Madurai Rural, Tamil Nadu",9.90458,78.0312
L245,SN245,Arun,9893806540,TamilNadu,Madurai,"56 Main Road, Madurai Rural, Tamil Nadu",10.02338,78.06493
L246,SN246,Priya,9934322123,TamilNadu,Madurai,"40 Main Road, Madurai Rural, Tamil Nadu",10.019,78.06528
L247,SN247,Ramesh,9704085816,TamilNadu,Chennai,"63 Main Road, Chennai Rural, Tamil Nadu",13.10408,80.31215
L248,SN248,Ramesh,9748267393,TamilNadu,Coimbatore,"85 Main Road, Coimbatore Rural, Tamil Nadu",11.01819,76.98533
L249,SN249,Kumar,9766636879,TamilNadu,Madurai,"24 Main Road, Madurai Rural, Tamil Nadu",9.89802,78.20797
L250,SN250,Kumar,9894312209,TamilNadu,Madurai,"86 Main Road, Madurai Rural, Tamil Nadu",9.98506,78.12006
L251,SN251,Suresh,9785601730,TamilNadu,Madurai,"65 Main Road, Madurai Rural, Tamil Nadu",9.94498,78.13034
L252,SN252,Meena,9742772059,TamilNadu,Chennai,"55 Main Road, Chennai Rural, Tamil Nadu",13.08948,80.21444
L253,SN253,Priya,9888175947,TamilNadu,Chennai,"85 Main Road, Chennai Rural, Tamil Nadu",13.04338,80.24002
L254,SN254,Meena,9725824831,TamilNadu,Chennai,"87 Main Road, Chennai Rural, Tamil Nadu",13.03342,80.36981
L255,SN255,Suresh,9727820588,TamilNadu,Chennai,"35 Main Road, Chennai Rural, Tamil Nadu",13.00166,80.31901
L256,SN256,Ramesh,9934777419,TamilNadu,Coimbatore,"13 Main Road, Coimbatore Rural, Tamil Nadu",11.05004,76.94805
L257,SN257,Kumar,9737098907,TamilNadu,Coimbatore,"17 Main Road, Coimbatore Rural, Tamil Nadu",10.99576,76.87742
L258,SN258,Kumar,9928688662,TamilNadu,Salem,"72 Main Road, Salem Rural, Tamil Nadu",11.58414,78.0598
L259,SN259,Ramesh,9861144112,TamilNadu,Coimbatore,"7 Main Road, Coimbatore Rural, Tamil Nadu",10.96902,77.04767
L260,SN260,Suresh,9719776623,TamilNadu,Salem,"41 Main Road, Salem Rural, Tamil Nadu",11.62761,78.11919
L261,SN261,Suresh,9819765468,TamilNadu,Madurai,"37 Main Road, Madurai Rural, Tamil Nadu",9.99774,78.19764
L262,SN262,Suresh,9888118809,TamilNadu,Chennai,"57 Main Road, Chennai Rural, Tamil Nadu",13.05313,80.30173
L263,SN263,Meena,9911014747,TamilNadu,Coimbatore,"95 Main Road, Coimbatore Rural, Tamil Nadu",11.01038,76.97713
L264,SN264,Ramesh,9922289966,TamilNadu,Coimbatore,"8 Main Road, Coimbatore Rural, Tamil Nadu",11.0791,77.03852
L265,SN265,Arun,9759508211,TamilNadu,Madurai,"99 Main Road, Madurai Rural, Tamil Nadu",9.9676,78.07472
L266,SN266,Suresh,9721754866,TamilNadu,Madurai,"72 Main Road, Madurai Rural, Tamil Nadu",9.96561,78.17951
L267,SN267,Arun,9841211841,TamilNadu,Trichy,"33 Main Road, Trichy Rural, Tamil Nadu",10.79092,78.66651
L268,SN268,Meena,9760690565,TamilNadu,Salem,"4 Main Road, Salem Rural, Tamil Nadu",11.71403,78.16183
L269,SN269,Meena,9734364885,TamilNadu,Trichy,"82 Main Road, Trichy Rural, Tamil Nadu",10.78086,78.6976
L270,SN270,Ramesh,9916455619,TamilNadu,Salem,"71 Main Road, Salem Rural, Tamil Nadu",11.58927,78.2055
L271,SN271,Ramesh,9856098581,TamilNadu,Salem,"27 Main Road, Salem Rural, Tamil Nadu",11.61879,78.13786
L272,SN272,Ramesh,9893981317,TamilNadu,Coimbatore,"12 Main Road, Coimbatore Rural, Tamil Nadu",11.04707,76.92175
L273,SN273,Priya,9958119938,TamilNadu,Salem,"32 Main Road, Salem Rural, Tamil Nadu",11.66597,78.12174
L274,SN274,Kumar,9993077891,TamilNadu,Coimbatore,"87 Main Road, Coimbatore Rural, Tamil Nadu",10.96489,77.01456
L275,SN275,Suresh,9815747184,TamilNadu,Salem,"70 Main Road, Salem Rural, Tamil Nadu",11.6447,78.16212
L276,SN276,Suresh,9735065919,TamilNadu,Madurai,"90 Main Road, Madurai Rural, Tamil Nadu",9.91633,78.06554
L277,SN277,Meena,9701511100,TamilNadu,Salem,"47 Main Road, Salem Rural, Tamil Nadu",11.65301,78.11037
L278,SN278,Arun,9853828440,TamilNadu,Chennai,"23 Main Road, Chennai Rural, Tamil Nadu",13.08919,80.21657
L279,SN279,Arun,9932112370,TamilNadu,Chennai,"27 Main Road, Chennai Rural, Tamil Nadu",13.16694,80.28982
L280,SN280,Arun,9879801842,TamilNadu,Coimbatore,"84 Main Road, Coimbatore Rural, Tamil Nadu",11.07196,76.92692
L281,SN281,Priya,9842553919,TamilNadu,Salem,"26 Main Road, Salem Rural, Tamil Nadu",11.73771,78.06798
L282,SN282,Ramesh,9893008714,TamilNadu,Chennai,"48 Main Road, Chennai Rural, Tamil Nadu",13.16356,80.22301
L283,SN283,Kumar,9838024934,TamilNadu,Chennai,"91 Main Road, Chennai Rural, Tamil Nadu",13.17596,80.36506
L284,SN284,Priya,9790721286,TamilNadu,Trichy,"25 Main Road, Trichy Rural, Tamil Nadu",10.88357,78.71402
L285,SN285,Arun,9942010623,TamilNadu,Chennai,"31 Main Road, Chennai Rural, Tamil Nadu",12.99271,80.26403
L286,SN286,Ramesh,9737992651,TamilNadu,Coimbatore,"33 Main Road, Coimbatore Rural, Tamil Nadu",11.02457,76.97312
L287,SN287,Suresh,9948132879,TamilNadu,Salem,"85 Main Road, Salem Rural, Tamil Nadu",11.7465,78.08015
L288,SN288,Meena,9823119664,TamilNadu,Trichy,"93 Main Road, Trichy Rural, Tamil Nadu",10.70508,78.63724
L289,SN289,Ramesh,9926074129,TamilNadu,Trichy,"42 Main Road, Trichy Rural, Tamil Nadu",10.86988,78.73756
L290,SN290,Arun,9719104269,TamilNadu,Coimbatore,"63 Main Road, Coimbatore Rural, Tamil Nadu",10.94315,77.02765
L291,SN291,Lakshmi,9788270852,TamilNadu,Trichy,"44 Main Road, Trichy Rural, Tamil Nadu",10.74586,78.66766
L292,SN292,Priya,9805213072,TamilNadu,Chennai,"26 Main Road, Chennai Rural, Tamil Nadu",13.14301,80.35298
L293,SN293,Kumar,9744158704,TamilNadu,Salem,"86 Main Road, Salem Rural, Tamil Nadu",11.72799,78.16571
L294,SN294,Ramesh,9759712469,TamilNadu,Madurai,"86 Main Road, Madurai Rural, Tamil Nadu",9.97745,78.17141
L295,SN295,Meena,9929459457,TamilNadu,Trichy,"53 Main Road, Trichy Rural, Tamil Nadu",10.7714,78.7968
L296,SN296,Meena,9762991977,TamilNadu,Coimbatore,"33 Main Road, Coimbatore Rural, Tamil Nadu",11.04395,76.86676
L297,SN297,Arun,9741617555,TamilNadu,Trichy,"35 Main Road, Trichy Rural, Tamil Nadu",10.71753,78.76982
L298,SN298,Suresh,9904840084,TamilNadu,Salem,"6 Main Road, Salem Rural, Tamil Nadu",11.66622,78.08996
L299,SN299,Arun,9753756097,TamilNadu,Madurai,"87 Main Road, Madurai Rural, Tamil Nadu",9.86333,78.15035
L300,SN300,Kumar,9712613461,TamilNadu,Chennai,"70 Main Road, Chennai Rural, Tamil Nadu",13.04691,80.23072
L301,SN301,Meena,9905299568,TamilNadu,Salem,"28 Main Road, Salem Rural, Tamil Nadu",11.58682,78.08092
L302,SN302,Meena,9917166893,TamilNadu,Madurai,"92 Main Road, Madurai Rural, Tamil Nadu",9.85626,78.218
L303,SN303,Arun,9920275244,TamilNadu,Trichy,"87 Main Road, Trichy Rural, Tamil Nadu",10.81821,78.69433
L304,SN304,Ramesh,9919472405,TamilNadu,Salem,"87 Main Road, Salem Rural, Tamil Nadu",11.59653,78.22022
L305,SN305,Priya,9734070759,TamilNadu,Chennai,"14 Main Road, Chennai Rural, Tamil Nadu",13.15228,80.33229
L306,SN306,Kumar,9794143037,TamilNadu,Coimbatore,"22 Main Road, Coimbatore Rural, Tamil Nadu",11.01748,77.00098
L307,SN307,Priya,9900268042,TamilNadu,Madurai,"2 Main Road, Madurai Rural, Tamil Nadu",9.95237,78.21209
L308,SN308,Ramesh,9811709033,TamilNadu,Salem,"72 Main Road, Salem Rural, Tamil Nadu",11.74148,78.12409
L309,SN309,Arun,9967061304,TamilNadu,Chennai,"12 Main Road, Chennai Rural, Tamil Nadu",13.0903,80.36225
L310,SN310,Kumar,9756893452,TamilNadu,Coimbatore,"11 Main Road, Coimbatore Rural, Tamil Nadu",10.99908,76.88988
L311,SN311,Priya,9930461503,TamilNadu,Coimbatore,"16 Main Road, Coimbatore Rural, Tamil Nadu",11.00998,76.97405
L312,SN312,Arun,9841367062,TamilNadu,Salem,"35 Main Road, Salem Rural, Tamil Nadu",11.62382,78.2097
L313,SN313,Kumar,9930058030,TamilNadu,Madurai,"21 Main Road, Madurai Rural, Tamil Nadu",9.8515,78.10894
L314,SN314,Priya,9927354721,TamilNadu,Coimbatore,"36 Main Road, Coimbatore Rural, Tamil Nadu",11.05885,76.93035
L315,SN315,Meena,9806944889,TamilNadu,Coimbatore,"52 Main Road, Coimbatore Rural, Tamil Nadu",10.96172,77.00237
L316,SN316,Meena,9981206142,TamilNadu,Trichy,"28 Main Road, Trichy Rural, Tamil Nadu",10.73739,78.69168
L317,SN317,Priya,9784334145,TamilNadu,Trichy,"4 Main Road, Trichy Rural, Tamil Nadu",10.78273,78.63578
L318,SN318,Arun,9761434681,TamilNadu,Salem,"98 Main Road, Salem Rural, Tamil Nadu",11.58725,78.11171
L319,SN319,Kumar,9833165612,TamilNadu,Coimbatore,"86 Main Road, Coimbatore Rural, Tamil Nadu",11.06839,76.90249
L320,SN320,Arun,9725456610,TamilNadu,Trichy,"48 Main Road, Trichy Rural, Tamil Nadu",10.8532,78.62911
L321,SN321,Arun,9875980298,TamilNadu,Trichy,"61 Main Road, Trichy Rural, Tamil Nadu",10.81659,78.65763
L322,SN322,Kumar,9789324606,TamilNadu,Coimbatore,"26 Main Road, Coimbatore Rural, Tamil Nadu",11.07686,76.88851
L323,SN323,Priya,9949969179,TamilNadu,Madurai,"26 Main Road, Madurai Rural, Tamil Nadu",9.82996,78.08658
L324,SN324,Arun,9751488674,TamilNadu,Salem,"80 Main Road, Salem Rural, Tamil Nadu",11.70239,78.0943
L325,SN325,Kumar,9877151530,TamilNadu,Chennai,"54 Main Road, Chennai Rural, Tamil Nadu",13.08681,80.19786
L326,SN326,Lakshmi,9992689163,TamilNadu,Coimbatore,"34 Main Road, Coimbatore Rural, Tamil Nadu",11.06537,76.99539
L327,SN327,Ramesh,9937982130,TamilNadu,Chennai,"36 Main Road, Chennai Rural, Tamil Nadu",13.01408,80.35058
L328,SN328,Meena,9925548935,TamilNadu,Salem,"77 Main Road, Salem Rural, Tamil Nadu",11.6499,78.17087
L329,SN329,Suresh,9962841154,TamilNadu,Salem,"9 Main Road, Salem Rural, Tamil Nadu",11.70761,78.14444
L330,SN330,Lakshmi,9761477162,TamilNadu,Coimbatore,"93 Main Road, Coimbatore Rural, Tamil Nadu",11.08621,76.97063
L331,SN331,Lakshmi,9841419749,TamilNadu,Coimbatore,"5 Main Road, Coimbatore Rural, Tamil Nadu",11.09824,76.89107
L332,SN332,Arun,9887445329,TamilNadu,Madurai,"22 Main Road, Madurai Rural, Tamil Nadu",9.9194,78.06936
L333,SN333,Ramesh,9891583433,TamilNadu,Salem,"12 Main Road, Salem Rural, Tamil Nadu",11.58619,78.11785
L334,SN334,Meena,9823545569,TamilNadu,Salem,"16 Main Road, Salem Rural, Tamil Nadu",11.58816,78.10171
L335,SN335,Arun,9713129433,TamilNadu,Trichy,"19 Main Road, Trichy Rural, Tamil Nadu",10.81335,78.71153
L336,SN336,Meena,9894502033,TamilNadu,Chennai,"45 Main Road, Chennai Rural, Tamil Nadu",13.02863,80.36915
L337,SN337,Suresh,9918540145,TamilNadu,Salem,"73 Main Road, Salem Rural, Tamil Nadu",11.71012,78.2405
L338,SN338,Ramesh,9931438908,TamilNadu,Chennai,"49 Main Road, Chennai Rural, Tamil Nadu",13.10684,80.29337
L339,SN339,Kumar,9921880722,TamilNadu,Trichy,"99 Main Road, Trichy Rural, Tamil Nadu",10.84725,78.73749
L340,SN340,Suresh,9736257194,TamilNadu,Salem,"60 Main Road, Salem Rural, Tamil Nadu",11.6146,78.11598
L341,SN341,Meena,9967882529,TamilNadu,Salem,"38 Main Road, Salem Rural, Tamil Nadu",11.68041,78.21069
L342,SN342,Suresh,9835892104,TamilNadu,Coimbatore,"72 Main Road, Coimbatore Rural, Tamil Nadu",11.09694,76.9722
L343,SN343,Meena,9975551868,TamilNadu,Chennai,"93 Main Road, Chennai Rural, Tamil Nadu",13.13157,80.30308
L344,SN344,Meena,9720434191,TamilNadu,Coimbatore,"26 Main Road, Coimbatore Rural, Tamil Nadu",11.02297,77.00246
L345,SN345,Meena,9890395274,TamilNadu,Chennai,"8 Main Road, Chennai Rural, Tamil Nadu",13.00099,80.22966
L346,SN346,Priya,9780127772,TamilNadu,Madurai,"43 Main Road, Madurai Rural, Tamil Nadu",9.95725,78.09686
L347,SN347,Arun,9844321098,TamilNadu,Salem,"37 Main Road, Salem Rural, Tamil Nadu",11.5937,78.15473
L348,SN348,Priya,9924309774,TamilNadu,Trichy,"27 Main Road, Trichy Rural, Tamil Nadu",10.87296,78.70338
L349,SN349,Suresh,9776903995,TamilNadu,Madurai,"84 Main Road, Madurai Rural, Tamil Nadu",9.8959,78.15414
L350,SN350,Ramesh,9739817846,TamilNadu,Coimbatore,"13 Main Road, Coimbatore Rural, Tamil Nadu",11.07385,76.92772
L351,SN351,Suresh,9763097137,TamilNadu,Salem,"77 Main Road, Salem Rural, Tamil Nadu",11.63035,78.1167
L352,SN352,Suresh,9742507858,TamilNadu,Trichy,"56 Main Road, Trichy Rural, Tamil Nadu",10.70463,78.74312
L353,SN353,Ramesh,9929975410,TamilNadu,Chennai,"79 Main Road, Chennai Rural, Tamil Nadu",13.09369,80.20027
L354,SN354,Lakshmi,9949325928,TamilNadu,Madurai,"79 Main Road, Madurai Rural, Tamil Nadu",9.98358,78.20926
L355,SN355,Priya,9966086438,TamilNadu,Chennai,"93 Main Road, Chennai Rural, Tamil Nadu",13.07176,80.28809
L356,SN356,Ramesh,9913143175,TamilNadu,Salem,"56 Main Road, Salem Rural, Tamil Nadu",11.66734,78.21155
L357,SN357,Meena,9811998299,TamilNadu,Coimbatore,"34 Main Road, Coimbatore Rural, Tamil Nadu",11.03888,77.02393
L358,SN358,Arun,9849689533,TamilNadu,Chennai,"97 Main Road, Chennai Rural, Tamil Nadu",13.14857,80.33749
L359,SN359,Ramesh,9792456676,TamilNadu,Chennai,"21 Main Road, Chennai Rural, Tamil Nadu",13.0724,80.30072
L360,SN360,Ramesh,9863458938,TamilNadu,Trichy,"53 Main Road, Trichy Rural, Tamil Nadu",10.74558,78.69626
L361,SN361,Arun,9846288918,TamilNadu,Madurai,"84 Main Road, Madurai Rural, Tamil Nadu",9.94095,78.09117
L362,SN362,Ramesh,9911174886,TamilNadu,Trichy,"87 Main Road, Trichy Rural, Tamil Nadu",10.76178,78.65918
L363,SN363,Lakshmi,9759218595,TamilNadu,Salem,"95 Main Road, Salem Rural, Tamil Nadu",11.7212,78.08611
L364,SN364,Lakshmi,9974761727,TamilNadu,Madurai,"25 Main Road, Madurai Rural, Tamil Nadu",9.89147,78.14984
L365,SN365,Kumar,9929353745,TamilNadu,Trichy,"8 Main Road, Trichy Rural, Tamil Nadu",10.75622,78.76063
L366,SN366,Ramesh,9888038418,TamilNadu,Salem,"40 Main Road, Salem Rural, Tamil Nadu",11.56788,78.14894
L367,SN367,Suresh,9944457003,TamilNadu,Chennai,"3 Main Road, Chennai Rural, Tamil Nadu",13.0128,80.27252
L368,SN368,Ramesh,9807205494,TamilNadu,Chennai,"93 Main Road, Chennai Rural, Tamil Nadu",13.12717,80.33781
L369,SN369,Arun,9740653634,TamilNadu,Madurai,"10 Main Road, Madurai Rural, Tamil Nadu",9.97094,78.18173
L370,SN370,Priya,9894037838,TamilNadu,Coimbatore,"94 Main Road, Coimbatore Rural, Tamil Nadu",11.00171,76.90509
L371,SN371,Suresh,9713158161,TamilNadu,Madurai,"27 Main Road, Madurai Rural, Tamil Nadu",9.86099,78.07974
L372,SN372,Priya,9803402554,TamilNadu,Trichy,"33 Main Road, Trichy Rural, Tamil Nadu",10.84179,78.77982
L373,SN373,Priya,9981145436,TamilNadu,Madurai,"46 Main Road, Madurai Rural, Tamil Nadu",9.89933,78.11302
L374,SN374,Lakshmi,9978758874,TamilNadu,Trichy,"6 Main Road, Trichy Rural, Tamil Nadu",10.88789,78.62744
L375,SN375,Ramesh,9786239796,TamilNadu,Salem,"83 Main Road, Salem Rural, Tamil Nadu",11.58106,78.11761
L376,SN376,Arun,9866299717,TamilNadu,Chennai,"43 Main Road, Chennai Rural, Tamil Nadu",13.17403,80.32181
L377,SN377,Ramesh,9846999134,TamilNadu,Madurai,"52 Main Road, Madurai Rural, Tamil Nadu",9.92728,78.13719
L378,SN378,Lakshmi,9896651190,TamilNadu,Salem,"33 Main Road, Salem Rural, Tamil Nadu",11.62825,78.23887
L379,SN379,Arun,9941891800,TamilNadu,Coimbatore,"83 Main Road, Coimbatore Rural, Tamil Nadu",11.04085,77.01005
L380,SN380,Arun,9840169127,TamilNadu,Coimbatore,"94 Main Road, Coimbatore Rural, Tamil Nadu",11.08461,76.94634
L381,SN381,Arun,9725357274,TamilNadu,Trichy,"100 Main Road, Trichy Rural, Tamil Nadu",10.77559,78.68946
L382,SN382,Suresh,9985736087,TamilNadu,Coimbatore,"10 Main Road, Coimbatore Rural, Tamil Nadu",11.01558,77.00326
L383,SN383,Suresh,9913199620,TamilNadu,Chennai,"8 Main Road, Chennai Rural, Tamil Nadu",13.08019,80.24813
L384,SN384,Ramesh,9951522707,TamilNadu,Chennai,"33 Main Road, Chennai Rural, Tamil Nadu",13.1735,80.35065
L385,SN385,Arun,9913979559,TamilNadu,Coimbatore,"73 Main Road, Coimbatore Rural, Tamil Nadu",11.07985,76.97947
L386,SN386,Kumar,9841442361,TamilNadu,Trichy,"65 Main Road, Trichy Rural, Tamil Nadu",10.69693,78.64854
L387,SN387,Meena,9789776019,TamilNadu,Salem,"9 Main Road, Salem Rural, Tamil Nadu",11.64205,78.19077
L388,SN388,Arun,9789747437,TamilNadu,Salem,"23 Main Road, Salem Rural, Tamil Nadu",11.65704,78.14046
L389,SN389,Ramesh,9727674126,TamilNadu,Madurai,"28 Main Road, Madurai Rural, Tamil Nadu",9.92694,78.07864
L390,SN390,Arun,9937138125,TamilNadu,Trichy,"38 Main Road, Trichy Rural, Tamil Nadu",10.73059,78.75816
L391,SN391,Kumar,9824966402,TamilNadu,Coimbatore,"1 Main Road, Coimbatore Rural, Tamil Nadu",11.10723,76.85748
L392,SN392,Suresh,9827746797,TamilNadu,Madurai,"59 Main Road, Madurai Rural, Tamil Nadu",9.93667,78.0365
L393,SN393,Meena,9846242647,TamilNadu,Trichy,"47 Main Road, Trichy Rural, Tamil Nadu",10.82421,78.61348
L394,SN394,Ramesh,9937733486,TamilNadu,Trichy,"99 Main Road, Trichy Rural, Tamil Nadu",10.83029,78.70976
L395,SN395,Suresh,9855236624,TamilNadu,Madurai,"22 Main Road, Madurai Rural, Tamil Nadu",9.94879,78.12388
L396,SN396,Meena,9731543244,TamilNadu,Coimbatore,"29 Main Road, Coimbatore Rural, Tamil Nadu",11.1096,77.02078
L397,SN397,Meena,9991707029,TamilNadu,Chennai,"9 Main Road, Chennai Rural, Tamil Nadu",13.10873,80.28489
L398,SN398,Kumar,9939826485,TamilNadu,Trichy,"52 Main Road, Trichy Rural, Tamil Nadu",10.78463,78.64542
L399,SN399,Arun,9971147222,TamilNadu,Madurai,"56 Main Road, Madurai Rural, Tamil Nadu",10.00398,78.15733
L400,SN400,Arun,9961846139,TamilNadu,Chennai,"19 Main Road, Chennai Rural, Tamil Nadu",13.13809,80.23171
L401,SN401,Kumar,9832370470,TamilNadu,Salem,"34 Main Road, Salem Rural, Tamil Nadu",11.69951,78.16691
L402,SN402,Arun,9864885742,TamilNadu,Salem,"9 Main Road, Salem Rural, Tamil Nadu",11.64676,78.12025
L403,SN403,Priya,9809227335,TamilNadu,Madurai,"28 Main Road, Madurai Rural, Tamil Nadu",9.89974,78.06779
L404,SN404,Suresh,9899756051,TamilNadu,Trichy,"64 Main Road, Trichy Rural, Tamil Nadu",10.72198,78.70195
L405,SN405,Priya,9937378238,TamilNadu,Chennai,"12 Main Road, Chennai Rural, Tamil Nadu",13.0578,80.21449
L406,SN406,Lakshmi,9835239536,TamilNadu,Chennai,"14 Main Road, Chennai Rural, Tamil Nadu",13.16329,80.24904
L407,SN407,Meena,9746738091,TamilNadu,Trichy,"51 Main Road, Trichy Rural, Tamil Nadu",10.84401,78.63722
L408,SN408,Priya,9997452179,TamilNadu,Madurai,"41 Main Road, Madurai Rural, Tamil Nadu",9.85961,78.10134
L409,SN409,Kumar,9981442541,TamilNadu,Coimbatore,"55 Main Road, Coimbatore Rural, Tamil Nadu",10.94742,77.05493
L410,SN410,Ramesh,9807972968,TamilNadu,Salem,"57 Main Road, Salem Rural, Tamil Nadu",11.65278,78.20168
L411,SN411,Suresh,9874154276,TamilNadu,Salem,"18 Main Road, Salem Rural, Tamil Nadu",11.59648,78.22104
L412,SN412,Meena,9821838922,TamilNadu,Madurai,"62 Main Road, Madurai Rural, Tamil Nadu",9.97769,78.0704
L413,SN413,Suresh,9731664822,TamilNadu,Madurai,"3 Main Road, Madurai Rural, Tamil Nadu",9.86885,78.10428
L414,SN414,Priya,9916793612,TamilNadu,Coimbatore,"31 Main Road, Coimbatore Rural, Tamil Nadu",10.95314,76.99973
L415,SN415,Suresh,9739301590,TamilNadu,Salem,"47 Main Road, Salem Rural, Tamil Nadu",11.72228,78.18919
L416,SN416,Suresh,9868544458,TamilNadu,Salem,"58 Main Road, Salem Rural, Tamil Nadu",11.60551,78.21811
L417,SN417,Lakshmi,9940985741,TamilNadu,Trichy,"3 Main Road, Trichy Rural, Tamil Nadu",10.7246,78.69902
L418,SN418,Suresh,9797167701,TamilNadu,Chennai,"26 Main Road, Chennai Rural, Tamil Nadu",13.07808,80.35068
L419,SN419,Arun,9875661464,TamilNadu,Trichy,"94 Main Road, Trichy Rural, Tamil Nadu",10.88008,78.66246
L420,SN420,Arun,9760899657,TamilNadu,Chennai,"17 Main Road, Chennai Rural, Tamil Nadu",13.01284,80.25393
L421,SN421,Meena,9979852005,TamilNadu,Coimbatore,"88 Main Road, Coimbatore Rural, Tamil Nadu",11.07919,76.89701
L422,SN422,Suresh,9724727402,TamilNadu,Chennai,"48 Main Road, Chennai Rural, Tamil Nadu",12.99502,80.234
L423,SN423,Kumar,9974103548,TamilNadu,Coimbatore,"16 Main Road, Coimbatore Rural, Tamil Nadu",11.02019,76.97213
L424,SN424,Lakshmi,9790680565,TamilNadu,Trichy,"10 Main Road, Trichy Rural, Tamil Nadu",10.85671,78.70438
L425,SN425,Arun,9830827216,TamilNadu,Trichy,"99 Main Road, Trichy Rural, Tamil Nadu",10.86981,78.61935
L426,SN426,Ramesh,9882907929,TamilNadu,Madurai,"65 Main Road, Madurai Rural, Tamil Nadu",10.01776,78.13374
L427,SN427,Ramesh,9748286815,TamilNadu,Chennai,"85 Main Road, Chennai Rural, Tamil Nadu",13.0239,80.36023
L428,SN428,Lakshmi,9789785692,TamilNadu,Madurai,"97 Main Road, Madurai Rural, Tamil Nadu",9.87962,78.13874
L429,SN429,Meena,9845948473,TamilNadu,Salem,"57 Main Road, Salem Rural, Tamil Nadu",11.75872,78.1393
L430,SN430,Priya,9768322765,TamilNadu,Trichy,"86 Main Road, Trichy Rural, Tamil Nadu",10.8424,78.65736
L431,SN431,Suresh,9992778111,TamilNadu,Madurai,"46 Main Road, Madurai Rural, Tamil Nadu",9.9314,78.20504
L432,SN432,Arun,9756018991,TamilNadu,Coimbatore,"88 Main Road, Coimbatore Rural, Tamil Nadu",10.96302,77.05026
L433,SN433,Suresh,9981297166,TamilNadu,Trichy,"15 Main Road, Trichy Rural, Tamil Nadu",10.78242,78.65346
L434,SN434,Kumar,9791840794,TamilNadu,Madurai,"42 Main Road, Madurai Rural, Tamil Nadu",9.91785,78.18154
L435,SN435,Meena,9833168886,TamilNadu,Madurai,"23 Main Road, Madurai Rural, Tamil Nadu",10.01987,78.11906
L436,SN436,Kumar,9983115985,TamilNadu,Madurai,"21 Main Road, Madurai Rural, Tamil Nadu",9.96007,78.12381
L437,SN437,Meena,9796313800,TamilNadu,Madurai,"46 Main Road, Madurai Rural, Tamil Nadu",9.84973,78.14602
L438,SN438,Priya,9826278750,TamilNadu,Trichy,"42 Main Road, Trichy Rural, Tamil Nadu",10.76701,78.69194
L439,SN439,Arun,9859076576,TamilNadu,Coimbatore,"75 Main Road, Coimbatore Rural, Tamil Nadu",10.9553,77.02486
L440,SN440,Arun,9962015496,TamilNadu,Coimbatore,"60 Main Road, Coimbatore Rural, Tamil Nadu",11.1018,76.91093
L441,SN441,Priya,9986598248,TamilNadu,Coimbatore,"99 Main Road, Coimbatore Rural, Tamil Nadu",11.08209,76.9346
L442,SN442,Lakshmi,9842261537,TamilNadu,Trichy,"54 Main Road, Trichy Rural, Tamil Nadu",10.69378,78.75995
L443,SN443,Meena,9816077265,TamilNadu,Chennai,"26 Main Road, Chennai Rural, Tamil Nadu",13.01309,80.29785
L444,SN444,Ramesh,9831641428,TamilNadu,Coimbatore,"3 Main Road, Coimbatore Rural, Tamil Nadu",10.96704,76.94956
L445,SN445,Priya,9967170893,TamilNadu,Trichy,"45 Main Road, Trichy Rural, Tamil Nadu",10.72837,78.75092
L446,SN446,Kumar,9827298842,TamilNadu,Trichy,"59 Main Road, Trichy Rural, Tamil Nadu",10.85521,78.60835
L447,SN447,Priya,9705068583,TamilNadu,Coimbatore,"98 Main Road, Coimbatore Rural, Tamil Nadu",10.99247,77.05379
L448,SN448,Kumar,9727145704,TamilNadu,Madurai,"7 Main Road, Madurai Rural, Tamil Nadu",10.00763,78.08892
L449,SN449,Lakshmi,9909391935,TamilNadu,Salem,"21 Main Road, Salem Rural, Tamil Nadu",11.66208,78.10888
L450,SN450,Meena,9702803038,TamilNadu,Chennai,"4 Main Road, Chennai Rural, Tamil Nadu",13.10078,80.276
L451,SN451,Arun,9950522979,TamilNadu,Coimbatore,"94 Main Road, Coimbatore Rural, Tamil Nadu",11.03212,76.93926
L452,SN452,Arun,9904856500,TamilNadu,Salem,"23 Main Road, Salem Rural, Tamil Nadu",11.63309,78.1385
L453,SN453,Meena,9974552942,TamilNadu,Coimbatore,"44 Main Road, Coimbatore Rural, Tamil Nadu",11.0827,77.03838
L454,SN454,Meena,9856706968,TamilNadu,Madurai,"4 Main Road, Madurai Rural, Tamil Nadu",9.9129,78.13451
L455,SN455,Lakshmi,9895202811,TamilNadu,Madurai,"98 Main Road, Madurai Rural, Tamil Nadu",9.87493,78.1483
L456,SN456,Suresh,9970481565,TamilNadu,Coimbatore,"61 Main Road, Coimbatore Rural, Tamil Nadu",10.95226,76.87744
L457,SN457,Suresh,9739235247,TamilNadu,Coimbatore,"28 Main Road, Coimbatore Rural, Tamil Nadu",11.00928,76.87051
L458,SN458,Meena,9843041904,TamilNadu,Trichy,"80 Main Road, Trichy Rural, Tamil Nadu",10.7005,78.62734
L459,SN459,Ramesh,9816674126,TamilNadu,Trichy,"30 Main Road, Trichy Rural, Tamil Nadu",10.77856,78.72883
L460,SN460,Lakshmi,9792602666,TamilNadu,Madurai,"87 Main Road, Madurai Rural, Tamil Nadu",9.87313,78.02342
L461,SN461,Meena,9741768887,TamilNadu,Trichy,"52 Main Road, Trichy Rural, Tamil Nadu",10.84805,78.75102
L462,SN462,Suresh,9952871277,TamilNadu,Chennai,"56 Main Road, Chennai Rural, Tamil Nadu",13.11575,80.36826
L463,SN463,Suresh,9845977292,TamilNadu,Trichy,"37 Main Road, Trichy Rural, Tamil Nadu",10.80156,78.74417
L464,SN464,Meena,9828068830,TamilNadu,Coimbatore,"49 Main Road, Coimbatore Rural, Tamil Nadu",11.00982,76.99192
L465,SN465,Lakshmi,9847448259,TamilNadu,Trichy,"67 Main Road, Trichy Rural, Tamil Nadu",10.76945,78.7902
L466,SN466,Suresh,9870489867,TamilNadu,Salem,"61 Main Road, Salem Rural, Tamil Nadu",11.62554,78.15425
L467,SN467,Kumar,9706358564,TamilNadu,Salem,"82 Main Road, Salem Rural, Tamil Nadu",11.59958,78.04921
L468,SN468,Ramesh,9750572202,TamilNadu,Trichy,"93 Main Road, Trichy Rural, Tamil Nadu",10.7511,78.75381
L469,SN469,Ramesh,9781594303,TamilNadu,Salem,"43 Main Road, Salem Rural, Tamil Nadu",11.57353,78.06607
L470,SN470,Ramesh,9870886336,TamilNadu,Salem,"38 Main Road, Salem Rural, Tamil Nadu",11.70946,78.14202
L471,SN471,Suresh,9905460018,TamilNadu,Madurai,"24 Main Road, Madurai Rural, Tamil Nadu",9.85583,78.08151
L472,SN472,Suresh,9891453188,TamilNadu,Madurai,"60 Main Road, Madurai Rural, Tamil Nadu",9.88234,78.1499
L473,SN473,Kumar,9977645904,TamilNadu,Chennai,"30 Main Road, Chennai Rural, Tamil Nadu",13.10715,80.30431
L474,SN474,Arun,9819572083,TamilNadu,Chennai,"58 Main Road, Chennai Rural, Tamil Nadu",13.00514,80.21463
L475,SN475,Ramesh,9922012466,TamilNadu,Salem,"18 Main Road, Salem Rural, Tamil Nadu",11.61368,78.18693
L476,SN476,Suresh,9872967720,TamilNadu,Coimbatore,"8 Main Road, Coimbatore Rural, Tamil Nadu",10.97739,76.87199
L477,SN477,Lakshmi,9987660861,TamilNadu,Coimbatore,"78 Main Road, Coimbatore Rural, Tamil Nadu",10.92294,76.86619
L478,SN478,Ramesh,9775904084,TamilNadu,Madurai,"9 Main Road, Madurai Rural, Tamil Nadu",9.90444,78.03958
L479,SN479,Arun,9863435138,TamilNadu,Trichy,"89 Main Road, Trichy Rural, Tamil Nadu",10.85713,78.66987
L480,SN480,Suresh,9860571838,TamilNadu,Madurai,"41 Main Road, Madurai Rural, Tamil Nadu",9.91202,78.08903
L481,SN481,Kumar,9796789244,TamilNadu,Chennai,"36 Main Road, Chennai Rural, Tamil Nadu",13.13068,80.30681
L482,SN482,Arun,9775283316,TamilNadu,Salem,"57 Main Road, Salem Rural, Tamil Nadu",11.59347,78.1499
L483,SN483,Arun,9981869779,TamilNadu,Chennai,"28 Main Road, Chennai Rural, Tamil Nadu",13.03424,80.20365
L484,SN484,Lakshmi,9975060173,TamilNadu,Trichy,"59 Main Road, Trichy Rural, Tamil Nadu",10.7225,78.61609
L485,SN485,Kumar,9924054026,TamilNadu,Chennai,"2 Main Road, Chennai Rural, Tamil Nadu",12.98924,80.33497
L486,SN486,Arun,9861364142,TamilNadu,Coimbatore,"95 Main Road, Coimbatore Rural, Tamil Nadu",11.01978,76.92897
L487,SN487,Priya,9907298636,TamilNadu,Trichy,"87 Main Road, Trichy Rural, Tamil Nadu",10.8455,78.75938
L488,SN488,Meena,9988054700,TamilNadu,Trichy,"100 Main Road, Trichy Rural, Tamil Nadu",10.79938,78.76427
L489,SN489,Ramesh,9702745068,TamilNadu,Chennai,"15 Main Road, Chennai Rural, Tamil Nadu",13.03928,80.36634
L490,SN490,Ramesh,9789308595,TamilNadu,Trichy,"38 Main Road, Trichy Rural, Tamil Nadu",10.81134,78.77604
L491,SN491,Meena,9871511424,TamilNadu,Madurai,"39 Main Road, Madurai Rural, Tamil Nadu",9.82777,78.06351
L492,SN492,Meena,9718571035,TamilNadu,Trichy,"28 Main Road, Trichy Rural, Tamil Nadu",10.77029,78.71882
L493,SN493,Lakshmi,9996342864,TamilNadu,Coimbatore,"71 Main Road, Coimbatore Rural, Tamil Nadu",11.09986,76.96796
L494,SN494,Ramesh,9739684031,TamilNadu,Trichy,"77 Main Road, Trichy Rural, Tamil Nadu",10.75947,78.60886
L495,SN495,Lakshmi,9904057766,TamilNadu,Madurai,"65 Main Road, Madurai Rural, Tamil Nadu",9.83734,78.19086
L496,SN496,Suresh,9804775278,TamilNadu,Salem,"60 Main Road, Salem Rural, Tamil Nadu",11.59732,78.07943
L497,SN497,Priya,9984237518,TamilNadu,Salem,"47 Main Road, Salem Rural, Tamil Nadu",11.63693,78.16977
L498,SN498,Priya,9861941470,TamilNadu,Coimbatore,"51 Main Road, Coimbatore Rural, Tamil Nadu",11.08779,76.99615
L499,SN499,Suresh,9818961365,TamilNadu,Chennai,"76 Main Road, Chennai Rural, Tamil Nadu",12.99948,80.35959
L500,SN500,David,9957861038,TamilNadu,Coimbatore,"87 Main Road, Coimbatore Rural, Tamil Nadu",10.9823,76.86378
